{"spot_diameter_fullres": 237.3283553939083, "tissue_hires_scalef": 0.06300403, "fiducial_diameter_fullres": 383.37657409785186, "tissue_lowres_scalef": 0.01890121}