{"spot_diameter_fullres": 225.99546350195266, "tissue_hires_scalef": 0.07102273, "fiducial_diameter_fullres": 365.06959488776965, "tissue_lowres_scalef": 0.021306818}