{"spot_diameter_fullres": 233.25605697047908, "tissue_hires_scalef": 0.07233796, "fiducial_diameter_fullres": 376.79824587538934, "tissue_lowres_scalef": 0.021701388}