{"spot_diameter_fullres": 236.89156472503677, "tissue_hires_scalef": 0.06300403, "fiducial_diameter_fullres": 382.67098917121325, "tissue_lowres_scalef": 0.01890121}